Selection,View,Channel,Begin Time (s),End Time (s),Low Freq (Hz),High Freq (Hz),Species,Filename
1,Spectrogram 1,1,110.0755098,110.3044236,0,12000,podocnemis_expansa,240706_0256
2,Spectrogram 1,1,110.3178891,110.4660098,0,11363.6,podocnemis_expansa,240706_0256
3,Spectrogram 1,1,124.1414561,124.2402032,0,9727.3,podocnemis_expansa,240706_0256
4,Spectrogram 1,1,124.7680626,124.9687121,0,9909.1,podocnemis_expansa,240706_0256
5,Spectrogram 1,1,124.9799334,125.1751833,0,9636.4,podocnemis_expansa,240706_0256
1,Spectrogram 1,1,22.09830866,22.22735319,0,14464.3,podocnemis_expansa,240706_0257
2,Spectrogram 1,1,25.81016023,25.90217459,0,15321.4,podocnemis_expansa,240706_0257
3,Spectrogram 1,1,37.84727336,38.08965265,0,7714.3,podocnemis_expansa,240706_0257
4,Spectrogram 1,1,40.89279524,41.01188083,0,11571.4,podocnemis_expansa,240706_0257
6,Spectrogram 1,1,44.42510435,44.51375233,0,12321.4,podocnemis_expansa,240706_0257
7,Spectrogram 1,1,45.62357302,45.74588479,0,21428.6,podocnemis_expansa,240706_0257
8,Spectrogram 1,1,46.8945,47.10211778,0,10928.6,podocnemis_expansa,240706_0257
9,Spectrogram 1,1,51.68319725,51.90986677,0,13607.1,podocnemis_expansa,240706_0257
10,Spectrogram 1,1,66.69892246,66.82460062,0,14142.9,podocnemis_expansa,240706_0257
11,Spectrogram 1,1,143.8210915,143.9557467,0,13392.9,podocnemis_expansa,240706_0257
12,Spectrogram 1,1,176.3049963,176.6223134,0,8142.9,podocnemis_expansa,240706_0257
15,Spectrogram 1,1,177.0851519,177.3770666,0,6467.706,podocnemis_expansa,240706_0257
13,Spectrogram 1,1,177.4342892,177.6194401,0,14142.9,podocnemis_expansa,240706_0257
14,Spectrogram 1,1,217.5254083,217.9428393,0,4285.7,podocnemis_expansa,240706_0257
16,Spectrogram 1,1,218.7807918,218.8864188,0,10530.067,podocnemis_expansa,240706_0257
5,Spectrogram 1,1,76.71571942,76.96258722,0,9888,podocnemis_expansa,240706_0258
6,Spectrogram 1,1,77.20833276,77.36206407,0,9120,podocnemis_expansa,240706_0258
7,Spectrogram 1,1,77.80959046,78.16081601,0,13056,podocnemis_expansa,240706_0258
8,Spectrogram 1,1,78.87262783,79.04094678,0,9984,podocnemis_expansa,240706_0258
9,Spectrogram 1,1,152.516648,152.8600187,0,11040,podocnemis_expansa,240706_0258
13,Spectrogram 1,1,206.4008781,206.9462977,0,9588.235,podocnemis_expansa,240706_0258
10,Spectrogram 1,1,207.2256244,207.6464218,0,8544,podocnemis_expansa,240706_0258
11,Spectrogram 1,1,260.1297418,260.3272361,0,10560,podocnemis_expansa,240706_0258
12,Spectrogram 1,1,288.4142679,288.7217305,0,8736,podocnemis_expansa,240706_0258
7,Spectrogram 1,1,25.60737703,25.77830079,0,6601.399,podocnemis_expansa,240706_0259
1,Spectrogram 1,1,26.47310989,26.71590962,0,7647.1,podocnemis_expansa,240706_0259
2,Spectrogram 1,1,28.91429531,29.04442327,0,9411.8,podocnemis_expansa,240706_0259
3,Spectrogram 1,1,91.91082495,92.06634373,0,16000,podocnemis_expansa,240706_0259
8,Spectrogram 1,1,140.6574498,140.8533399,0,3972.028,podocnemis_expansa,240706_0259
4,Spectrogram 1,1,140.9647695,141.2758071,0,12352.9,podocnemis_expansa,240706_0259
5,Spectrogram 1,1,162.0782018,162.2178513,0,11764.7,podocnemis_expansa,240706_0259
9,Spectrogram 1,1,162.4457028,162.6627184,0,8000,podocnemis_expansa,240706_0259
6,Spectrogram 1,1,164.1322534,164.3210977,0,9058.8,podocnemis_expansa,240706_0259
3,Spectrogram 1,1,6.057386965,6.48949759,0,9855.319,podocnemis_expansa,240706_0260
4,Spectrogram 1,1,10.1192894,11.01615901,0,9906.383,podocnemis_expansa,240706_0260
1,Spectrogram 1,1,19.32591928,19.69397672,0,9267.3,podocnemis_expansa,240706_0260
2,Spectrogram 1,1,235.9037773,236.1394238,0,4039.6,podocnemis_expansa,240706_0260
1,Spectrogram 1,1,3.852784831,3.999783384,0,6730.2,podocnemis_expansa,240706_0261
2,Spectrogram 1,1,225.6605908,226.0095721,0,10085.393,podocnemis_expansa,240706_0261
1,Spectrogram 1,1,3.148088358,3.460039486,0,10580.6,podocnemis_expansa,240706_0262
2,Spectrogram 1,1,3.500436035,3.794433141,0,9032.3,podocnemis_expansa,240706_0262
3,Spectrogram 1,1,106.8421446,107.0239291,0,8516.1,podocnemis_expansa,240706_0262
1,Spectrogram 1,1,14.28526099,14.45823596,0,11417.5,podocnemis_expansa,240706_0263
2,Spectrogram 1,1,14.63597171,14.92320537,0,14679.6,podocnemis_expansa,240706_0263
3,Spectrogram 1,1,41.13659831,41.41589734,0,11767,podocnemis_expansa,240706_0263
4,Spectrogram 1,1,41.43494046,41.7205872,0,11417.5,podocnemis_expansa,240706_0263
5,Spectrogram 1,1,110.2650534,110.7395444,0,8271.8,podocnemis_expansa,240706_0263
6,Spectrogram 1,1,202.6472045,202.8027233,0,7106.8,podocnemis_expansa,240706_0263
1,Spectrogram 1,1,63.1413778,63.47463233,0,9014.6,podocnemis_expansa,240706_0264
1,Spectrogram 1,1,15.95580016,16.18077854,0,6360,podocnemis_expansa,240706_0265
1,Spectrogram 1,1,150.8437424,151.2162884,0,7536.2,podocnemis_expansa,240706_0266
2,Spectrogram 1,1,170.7101063,171.053477,0,8231.9,podocnemis_expansa,240706_0266
3,Spectrogram 1,1,219.5486274,219.8067164,0,10898.6,podocnemis_expansa,240706_0266
4,Spectrogram 1,1,221.2299159,221.4924935,115.9,12637.7,podocnemis_expansa,240706_0266
5,Spectrogram 1,1,250.0025151,250.3077335,0,5797.1,podocnemis_expansa,240706_0266
6,Spectrogram 1,1,289.5617612,289.8108733,0,10434.8,podocnemis_expansa,240706_0266
7,Spectrogram 1,1,290.0577411,290.2372813,0,11014.5,podocnemis_expansa,240706_0266
8,Spectrogram 1,1,298.4402286,298.7072947,0,8695.7,podocnemis_expansa,240706_0266
9,Spectrogram 1,1,299.0910619,299.2840676,0,8463.8,podocnemis_expansa,240706_0266
1,Spectrogram 1,1,0.5363764,0.727137881,0,6000,podocnemis_expansa,240706_0267
2,Spectrogram 1,1,36.28815041,36.95918197,0,11318.2,podocnemis_expansa,240706_0267
3,Spectrogram 1,1,138.568745,138.8515209,0,13090.9,podocnemis_expansa,240706_0267
4,Spectrogram 1,1,261.1028546,261.372165,0,11045.5,podocnemis_expansa,240706_0267
5,Spectrogram 1,1,261.8928316,262.2810873,0,14181.8,podocnemis_expansa,240706_0267
6,Spectrogram 1,1,285.8786232,286.4329536,0,10636.4,podocnemis_expansa,240706_0267
7,Spectrogram 1,1,286.6394249,286.9311777,0,10772.7,podocnemis_expansa,240706_0267
8,Spectrogram 1,1,293.3434069,293.6800448,0,13090.9,podocnemis_expansa,240706_0267
1,Spectrogram 1,1,113.3993096,113.6237348,0,7572.8,podocnemis_expansa,240706_0268
2,Spectrogram 1,1,114.620183,114.8894934,0,10019.4,podocnemis_expansa,240706_0268
3,Spectrogram 1,1,174.6244023,174.9161552,0,16310.7,podocnemis_expansa,240706_0268
4,Spectrogram 1,1,175.4525316,175.9395344,0,8504.9,podocnemis_expansa,240706_0268
5,Spectrogram 1,1,176.9934814,177.2425935,0,9320.4,podocnemis_expansa,240706_0268
6,Spectrogram 1,1,234.289899,234.5434995,0,5359.2,podocnemis_expansa,240706_0268
7,Spectrogram 1,1,291.4339648,291.8873038,0,10368.9,podocnemis_expansa,240706_0268
8,Spectrogram 1,1,291.9411659,292.3832837,0,9553.4,podocnemis_expansa,240706_0268
9,Spectrogram 1,1,292.6806781,293.1833907,0,9436.9,podocnemis_expansa,240706_0268
10,Spectrogram 1,1,294.3403339,294.6051557,0,8038.8,podocnemis_expansa,240706_0268
11,Spectrogram 1,1,294.7548644,295.0309075,0,15844.7,podocnemis_expansa,240706_0268
12,Spectrogram 1,1,295.05335,295.3114391,0,14446.6,podocnemis_expansa,240706_0268
13,Spectrogram 1,1,295.6054362,295.8410827,0,8155.3,podocnemis_expansa,240706_0268
2,Spectrogram 1,1,2.103109955,2.300604194,0,11051.2,podocnemis_expansa,240706_0269
3,Spectrogram 1,1,3.216015386,3.581828579,0,7590.7,podocnemis_expansa,240706_0269
4,Spectrogram 1,1,49.77845506,50.49437168,0,6027.9,podocnemis_expansa,240706_0269
5,Spectrogram 1,1,136.6465026,136.9001032,0,10381.4,podocnemis_expansa,240706_0269
6,Spectrogram 1,1,205.8669005,206.1721188,0,8818.6,podocnemis_expansa,240706_0269
7,Spectrogram 1,1,243.7072445,243.9271812,0,10269.8,podocnemis_expansa,240706_0269
8,Spectrogram 1,1,285.9885916,286.161399,0,7925.6,podocnemis_expansa,240706_0269
1,Spectrogram 1,1,225.4718551,225.7349625,0,14954.2,podocnemis_expansa,240706_0270
2,Spectrogram 1,1,225.736883,226.084492,0,9202.6,podocnemis_expansa,240706_0270
3,Spectrogram 1,1,228.518896,228.8511411,0,13490.2,podocnemis_expansa,240706_0270
1,Spectrogram 1,1,88.5500908,88.95531455,0,23515.2,podocnemis_expansa,240706_0271
2,Spectrogram 1,1,107.5402568,107.8686609,0,11697,podocnemis_expansa,240706_0271
2,Spectrogram 1,1,72.74511416,73.02758705,0,3590.6,podocnemis_expansa,240707_0388
14,Spectrogram 1,1,1.496272173,1.784314232,0,6357.29,podocnemis_expansa,240707_0390
1,Spectrogram 1,1,27.2853354,27.63095032,0,7318.4,podocnemis_expansa,240707_0390
2,Spectrogram 1,1,27.84191007,28.06409109,0,6780.3,podocnemis_expansa,240707_0390
3,Spectrogram 1,1,28.14488419,28.42317153,0,5596.4,podocnemis_expansa,240707_0390
15,Spectrogram 1,1,28.82296081,29.05494099,0,6751.54,podocnemis_expansa,240707_0390
16,Spectrogram 1,1,29.25019098,29.4860375,0,6455.852,podocnemis_expansa,240707_0390
4,Spectrogram 1,1,35.49344105,35.83007896,0,8179.4,podocnemis_expansa,240707_0390
6,Spectrogram 1,1,66.16882202,66.42466683,0,6995.5,podocnemis_expansa,240707_0390
17,Spectrogram 1,1,66.83223201,67.1666701,0,7589.322,podocnemis_expansa,240707_0390
12,Spectrogram 1,1,274.7949071,274.9744474,0,2798.2,podocnemis_expansa,240707_0390
13,Spectrogram 1,1,281.4912248,281.8009316,0,7103.1,podocnemis_expansa,240707_0390
1,Spectrogram 1,1,37.18508059,37.43422802,0,6545.5,podocnemis_expansa,240707_0391
2,Spectrogram 1,1,51.74966235,52.06387376,0,8623.4,podocnemis_expansa,240707_0391
3,Spectrogram 1,1,52.39078058,52.88748851,0,10181.8,podocnemis_expansa,240707_0391
4,Spectrogram 1,1,160.8763267,161.0239108,0,4571.4,podocnemis_expansa,240707_0391
5,Spectrogram 1,1,172.0247149,172.2167329,0,7896.1,podocnemis_expansa,240707_0391
1,Spectrogram 1,1,131.9349729,132.1174695,0,8250,podocnemis_expansa,240707_0392
1,Spectrogram 1,1,158.6027536,158.8518657,0,8547.9,podocnemis_expansa,240707_0393
2,Spectrogram 1,1,159.8966143,160.3544418,0,10411,podocnemis_expansa,240707_0393
3,Spectrogram 1,1,160.7628958,160.9469245,0,11178.1,podocnemis_expansa,240707_0393
1,Spectrogram 1,1,129.1979861,129.3868303,0,7376.1,podocnemis_expansa,240707_0394
2,Spectrogram 1,1,134.7549949,135.0707933,0,6605.5,podocnemis_expansa,240707_0394
1,Spectrogram 1,1,74.28499114,74.54895988,0,7800,podocnemis_expansa,240707_0395
2,Spectrogram 1,1,118.8462649,119.0954123,0,7600,podocnemis_expansa,240707_0395
3,Spectrogram 1,1,119.3620159,119.7095528,0,12900,podocnemis_expansa,240707_0395
4,Spectrogram 1,1,119.7762037,120.0126557,0,12100,podocnemis_expansa,240707_0395
7,Spectrogram 1,1,120.9832688,121.250046,0,9533.101,podocnemis_expansa,240707_0395
5,Spectrogram 1,1,176.6131357,176.8321316,0,11500,podocnemis_expansa,240707_0395
6,Spectrogram 1,1,259.2910465,259.4767169,0,7800,podocnemis_expansa,240707_0395
1,Spectrogram 1,1,46.44498175,46.73380234,0,8680.9,podocnemis_expansa,240707_0396
1,Spectrogram 1,1,14.25401587,14.40886931,0,12845.1,podocnemis_expansa,240707_0397
2,Spectrogram 1,1,14.58840952,14.75672848,0,13070.4,podocnemis_expansa,240707_0397
1,Spectrogram 1,1,48.65068713,48.99630205,0,8519.5,podocnemis_expansa,240707_0399
2,Spectrogram 1,1,49.67855487,50.22390828,0,6961,podocnemis_expansa,240707_0399
3,Spectrogram 1,1,246.4138751,246.723582,0,8000,podocnemis_expansa,240707_0399
1,Spectrogram 1,1,23.75155269,24.23182277,0,8945.5,podocnemis_expansa,240707_0401
2,Spectrogram 1,1,25.44353157,25.74426143,0,9163.6,podocnemis_expansa,240707_0401
3,Spectrogram 1,1,29.99122232,30.22911311,0,11127.3,podocnemis_expansa,240707_0401
1,Spectrogram 1,1,189.8125016,190.1401625,0,3443,podocnemis_expansa,240707_0403
1,Spectrogram 1,1,84.74874584,85.39060212,0,5847.7,podocnemis_expansa,240707_0404
2,Spectrogram 1,1,92.80382133,93.42996784,0,7553.3,podocnemis_expansa,240707_0404
1,Spectrogram 1,1,154.6462517,154.9380045,0,7689.3,podocnemis_expansa,240707_0405
2,Spectrogram 1,1,291.092321,291.2673727,0,3378.6,podocnemis_expansa,240707_0405
3,Spectrogram 1,1,297.6843561,297.9267354,0,5009.7,podocnemis_expansa,240707_0405
1,Spectrogram 1,1,107.1466892,107.3464277,0,5359.2,podocnemis_expansa,240707_0406
2,Spectrogram 1,1,108.0556278,108.3608462,0,9553.4,podocnemis_expansa,240707_0406
6,Spectrogram 1,1,88.49147689,88.70243665,0,5101.4,podocnemis_expansa,240713_0722
2,Spectrogram 1,1,102.6394608,103.4172599,0,15554.007,podocnemis_expansa,240713_0723
1,Spectrogram 1,1,194.0856532,194.6332509,0,5911.3,podocnemis_expansa,240713_0723
1,Spectrogram 1,1,109.5415611,109.7031473,0,11798.3,podocnemis_expansa,240713_0730
1,Spectrogram 1,1,115.518444,115.8438606,0,19348,podocnemis_expansa,240714_0803
1,Spectrogram 1,1,197.8878258,198.0942971,0,3800,podocnemis_expansa,240714_0818
2,Spectrogram 1,1,226.7225378,226.8863682,0,2800,podocnemis_expansa,240714_0818
1,Spectrogram 1,1,192.2008402,192.2801,0,23035.2,podocnemis_expansa,240715_0885
1,Spectrogram 1,1,17.29550793,17.5526193,0,4529.3,podocnemis_expansa,240715_0886
2,Spectrogram 1,1,51.22318531,51.50156153,0,9891.5,podocnemis_expansa,240715_0886
3,Spectrogram 1,1,52.2690293,52.55900452,0,16190.9,podocnemis_expansa,240715_0886
4,Spectrogram 1,1,136.8097618,137.0726727,0,3696.3,podocnemis_expansa,240715_0886
1,Spectrogram 1,1,92.69661429,92.91119596,0,8654.9,podocnemis_expansa,240715_0888
1,Spectrogram 1,1,78.34554078,78.66258037,0,5538.5,podocnemis_expansa,240715_0890
1,Spectrogram 1,1,91.39914737,91.6465929,0,3692.3,podocnemis_expansa,240715_0898
1,Spectrogram 1,1,290.0862044,290.3027192,0,5541.7,podocnemis_expansa,240716_0971
2,Spectrogram 1,1,290.519234,290.8208083,0,17879.195,podocnemis_expansa,240716_0971
1,Spectrogram 1,1,175.4896471,175.7796224,0,8070.3,podocnemis_expansa,240716_0973
1,Spectrogram 1,1,35.98685334,36.53587311,0,10532.8,podocnemis_expansa,240716_0975
1,Spectrogram 1,1,88.08590319,88.41454178,0,18529,podocnemis_expansa,240716_0984
1,Spectrogram 1,1,9.909038477,10.06950255,0,7125,podocnemis_expansa,240807_6308
8,Spectrogram 1,1,109.4542683,109.869455,0,5755.656,podocnemis_expansa,240807_6308
7,Spectrogram 1,1,125.9131294,126.1442874,0,4669.683,podocnemis_expansa,240807_6308
6,Spectrogram 1,1,129.5125557,129.7167826,0,3800.905,podocnemis_expansa,240807_6308
2,Spectrogram 1,1,146.4363835,146.681007,0,7218.8,podocnemis_expansa,240807_6308
3,Spectrogram 1,1,264.4423708,264.6331323,0,3281.2,podocnemis_expansa,240807_6308
1,Spectrogram 1,1,82.0388705,82.32610416,0,21203.9,podocnemis_expansa,240807_6309
3,Spectrogram 1,1,144.1788441,144.7422471,0,6100.334,podocnemis_expansa,240807_6309
4,Spectrogram 1,1,180.2827113,180.4160131,0,6291.3,podocnemis_expansa,240807_6309
5,Spectrogram 1,1,214.8794783,214.9540639,0,5941.7,podocnemis_expansa,240807_6309
1,Spectrogram 1,1,121.3975574,121.578467,0,18486.5,podocnemis_expansa,240807_6312
2,Spectrogram 1,1,121.6874499,121.7652093,0,17081.1,podocnemis_expansa,240807_6312
3,Spectrogram 1,1,124.1779062,124.3937282,0,3135.1,podocnemis_expansa,240807_6312
4,Spectrogram 1,1,130.7558477,131.1398839,0,4108.1,podocnemis_expansa,240807_6312
12,Spectrogram 1,1,132.3381316,132.8071804,0,7374.302,podocnemis_expansa,240807_6312
13,Spectrogram 1,1,132.8139132,133.0338499,0,7374.302,podocnemis_expansa,240807_6312
11,Spectrogram 1,1,153.4253782,153.6318495,0,8178.771,podocnemis_expansa,240807_6312
10,Spectrogram 1,1,221.5038863,221.7305558,0,5229.05,podocnemis_expansa,240807_6312
8,Spectrogram 1,1,224.4044362,224.819623,0,14882.682,podocnemis_expansa,240807_6312
9,Spectrogram 1,1,226.053962,226.4399735,0,13005.587,podocnemis_expansa,240807_6312
5,Spectrogram 1,1,242.982926,243.3669622,0,5405.4,podocnemis_expansa,240807_6312
6,Spectrogram 1,1,277.732023,278.012909,0,20648.6,podocnemis_expansa,240807_6312
1,Spectrogram 1,1,32.70244481,32.86272436,0,21709.1,podocnemis_expansa,240807_6313
2,Spectrogram 1,1,35.36271125,35.54044699,0,17236.4,podocnemis_expansa,240807_6313
3,Spectrogram 1,1,35.86417996,36.06730653,0,17236.4,podocnemis_expansa,240807_6313
4,Spectrogram 1,1,41.32814229,41.65580319,0,5483.146,podocnemis_expansa,240807_6313
5,Spectrogram 1,1,140.5159046,140.8188787,0,5303.371,podocnemis_expansa,240807_6313
6,Spectrogram 1,1,140.9692437,141.2520195,0,6741.573,podocnemis_expansa,240807_6313
1,Spectrogram 1,1,0,0.345878904,0,7479.1,podocnemis_expansa,240807_6314
2,Spectrogram 1,1,0.348169493,0.620749556,0,5246.5,podocnemis_expansa,240807_6314
3,Spectrogram 1,1,1.170490861,1.349156785,0,7925.6,podocnemis_expansa,240807_6314
4,Spectrogram 1,1,1.479720345,1.811855716,0,8037.2,podocnemis_expansa,240807_6314
5,Spectrogram 1,1,43.43377012,43.62847017,0,3907,podocnemis_expansa,240807_6314
4,Spectrogram 1,1,87.65810509,87.99995261,0,8490.566,podocnemis_expansa,240807_6315
31,Spectrogram 1,1,142.1296031,142.6039646,56.604,6679.245,podocnemis_expansa,240807_6315
30,Spectrogram 1,1,154.8205197,155.0144893,169.811,9113.208,podocnemis_expansa,240807_6315
29,Spectrogram 1,1,166.2861738,166.6453057,0,11207.547,podocnemis_expansa,240807_6315
28,Spectrogram 1,1,175.8754312,176.042514,0,14603.774,podocnemis_expansa,240807_6315
26,Spectrogram 1,1,179.4514832,180.0545176,0,24000,podocnemis_expansa,240807_6315
27,Spectrogram 1,1,180.4021266,181.0032404,0,16245.283,podocnemis_expansa,240807_6315
24,Spectrogram 1,1,182.1632893,182.7279139,0,11886.792,podocnemis_expansa,240807_6315
25,Spectrogram 1,1,182.7740057,183.1600245,0,12396.226,podocnemis_expansa,240807_6315
22,Spectrogram 1,1,183.709321,183.9973947,0,12339.623,podocnemis_expansa,240807_6315
23,Spectrogram 1,1,184.1030218,184.4371873,0,12735.849,podocnemis_expansa,240807_6315
21,Spectrogram 1,1,200.4276352,200.6196844,0,7584.906,podocnemis_expansa,240807_6315
20,Spectrogram 1,1,200.645611,201.2227187,0,7132.075,podocnemis_expansa,240807_6315
19,Spectrogram 1,1,207.4395111,207.6949365,0,12735.849,podocnemis_expansa,240807_6315
18,Spectrogram 1,1,221.2059548,221.5362794,0,11830.189,podocnemis_expansa,240807_6315
16,Spectrogram 1,1,222.7039718,222.8345652,0,6283.019,podocnemis_expansa,240807_6315
17,Spectrogram 1,1,223.0592627,223.216743,0,7584.906,podocnemis_expansa,240807_6315
15,Spectrogram 1,1,230.9795994,231.2638322,113.208,24000,podocnemis_expansa,240807_6315
14,Spectrogram 1,1,241.9708516,242.2704483,0,5943.396,podocnemis_expansa,240807_6315
13,Spectrogram 1,1,255.9427788,256.1559534,0,11830.189,podocnemis_expansa,240807_6315
10,Spectrogram 1,1,257.1738566,257.4888172,0,6283.019,podocnemis_expansa,240807_6315
11,Spectrogram 1,1,258.5162803,258.6411122,0,21735.849,podocnemis_expansa,240807_6315
12,Spectrogram 1,1,259.0713024,259.1654065,0,13754.717,podocnemis_expansa,240807_6315
8,Spectrogram 1,1,263.972552,264.3681733,0,13245.283,podocnemis_expansa,240807_6315
9,Spectrogram 1,1,265.0633901,265.3975557,0,8716.981,podocnemis_expansa,240807_6315
7,Spectrogram 1,1,287.0363449,287.2533605,0,6679.245,podocnemis_expansa,240807_6315
6,Spectrogram 1,1,292.7134396,292.8651585,0,10981.132,podocnemis_expansa,240807_6315
1,Spectrogram 1,1,76.25916251,76.71302343,0,6304.1,podocnemis_expansa,240807_6316
2,Spectrogram 1,1,91.51142222,91.75898273,0,6746.5,podocnemis_expansa,240807_6316
3,Spectrogram 1,1,116.7361954,116.9263241,47.431,24000,podocnemis_expansa,240807_6316
1,Spectrogram 1,1,229.1351285,229.3033427,0,8825.1,podocnemis_expansa,240807_6317
1,Spectrogram 1,1,43.0182124,43.4942903,0,10075.5,podocnemis_expansa,240807_6318
2,Spectrogram 1,1,44.20789815,44.33643918,0,6226.4,podocnemis_expansa,240807_6318
3,Spectrogram 1,1,47.84361529,48.1578267,0,5886.8,podocnemis_expansa,240807_6318
5,Spectrogram 1,1,59.99759976,60.23246486,0,6679.2,podocnemis_expansa,240807_6318
6,Spectrogram 1,1,64.47547477,64.7484261,0,7018.9,podocnemis_expansa,240807_6318
12,Spectrogram 1,1,65.16313154,65.47425119,0,10144.928,podocnemis_expansa,240807_6318
7,Spectrogram 1,1,66.30100298,66.61045361,0,6226.4,podocnemis_expansa,240807_6318
8,Spectrogram 1,1,94.95248369,95.07943779,0,8264.2,podocnemis_expansa,240807_6318
11,Spectrogram 1,1,107.6772466,107.9962188,0,5207.5,podocnemis_expansa,240807_6318
1,Spectrogram 1,1,93.92078357,94.41003066,0,6887,podocnemis_expansa,240807_6319
2,Spectrogram 1,1,94.95313982,95.514203,0,6887,podocnemis_expansa,240807_6319
3,Spectrogram 1,1,99.8796206,100.5753389,0,4695.7,podocnemis_expansa,240807_6319
1,Spectrogram 1,1,141.9444423,142.3253046,0,8603.8,podocnemis_expansa,240807_6320
2,Spectrogram 1,1,151.6264724,151.9311623,0,6679.2,podocnemis_expansa,240807_6320
3,Spectrogram 1,1,181.8866052,182.150035,0,6339.6,podocnemis_expansa,240807_6320
4,Spectrogram 1,1,182.4674202,182.9085857,0,5773.6,podocnemis_expansa,240807_6320
5,Spectrogram 1,1,183.0291921,183.2386664,0,10641.5,podocnemis_expansa,240807_6320
6,Spectrogram 1,1,183.4671838,183.7528305,0,7698.1,podocnemis_expansa,240807_6320
7,Spectrogram 1,1,183.7623521,183.9242186,0,7132.1,podocnemis_expansa,240807_6320
8,Spectrogram 1,1,207.8026623,208.0883091,0,10415.1,podocnemis_expansa,240807_6320
1,Spectrogram 1,1,2.848587335,3.311969819,0,8526.3,podocnemis_expansa,240807_6321
2,Spectrogram 1,1,3.769004598,4.067346745,0,8421.1,podocnemis_expansa,240807_6321
3,Spectrogram 1,1,206.248007,206.5907831,0,6000,podocnemis_expansa,240807_6321
4,Spectrogram 1,1,230.348106,230.7860977,0,6210.5,podocnemis_expansa,240807_6321
1,Spectrogram 1,1,46.46136991,47.02314183,0,5818.2,podocnemis_expansa,240807_6322
2,Spectrogram 1,1,47.4135257,47.94990679,0,5212.1,podocnemis_expansa,240807_6322
3,Spectrogram 1,1,64.35431324,65.06208238,0,7515.2,podocnemis_expansa,240807_6322
4,Spectrogram 1,1,79.54839647,79.96417116,0,6424.2,podocnemis_expansa,240807_6322
5,Spectrogram 1,1,80.58624628,80.93219621,0,7878.8,podocnemis_expansa,240807_6322
6,Spectrogram 1,1,126.641401,126.9778293,0,6545.5,podocnemis_expansa,240807_6322
7,Spectrogram 1,1,188.8470156,189.1548793,0,6545.5,podocnemis_expansa,240807_6322
8,Spectrogram 1,1,235.3603292,235.6364543,0,4969.7,podocnemis_expansa,240807_6322
1,Spectrogram 1,1,0,0.222181019,0,13101.4,podocnemis_expansa,240807_6323
1,Spectrogram 1,1,3.745304226,4.032568574,0,12637.2,podocnemis_expansa,240807_6324
2,Spectrogram 1,1,4.400626019,4.723798411,0,7752.2,podocnemis_expansa,240807_6324
3,Spectrogram 1,1,5.377355148,5.691550529,0,7115,podocnemis_expansa,240807_6324
4,Spectrogram 1,1,28.4553252,29.14206653,0,7539.8,podocnemis_expansa,240807_6324
5,Spectrogram 1,1,29.25427916,29.59540558,0,5734.5,podocnemis_expansa,240807_6324
6,Spectrogram 1,1,29.945509,30.23277335,0,7858.4,podocnemis_expansa,240807_6324
7,Spectrogram 1,1,55.74381607,56.00414939,0,6265.5,podocnemis_expansa,240807_6324
8,Spectrogram 1,1,56.2218419,56.48890797,0,6796.5,podocnemis_expansa,240807_6324
9,Spectrogram 1,1,168.1426193,168.3603118,0,7646,podocnemis_expansa,240807_6324
1,Spectrogram 1,1,40.15689159,40.41498065,0,6624.4,podocnemis_expansa,240807_6325
1,Spectrogram 1,1,91.86880131,93.02907997,0,10606.7,podocnemis_expansa,240807_6326
1,Spectrogram 1,1,21.3812345,21.6752316,0,7288,podocnemis_expansa,240807_6338
2,Spectrogram 1,1,47.12185424,47.7120927,0,7413.6,podocnemis_expansa,240807_6338
3,Spectrogram 1,1,48.65630311,49.06251285,0,7036.6,podocnemis_expansa,240807_6338
4,Spectrogram 1,1,49.46198983,49.87717659,0,6911,podocnemis_expansa,240807_6338
5,Spectrogram 1,1,92.68820195,92.95975653,0,6282.7,podocnemis_expansa,240807_6338
6,Spectrogram 1,1,286.279927,286.6636942,0,6408.4,podocnemis_expansa,240807_6338
1,Spectrogram 1,1,241.1653399,241.3762997,0,7584.9,podocnemis_expansa,240807_6339
2,Spectrogram 1,1,242.1909634,242.5298456,0,7018.9,podocnemis_expansa,240807_6339
3,Spectrogram 1,1,243.3360291,243.5582101,0,6339.6,podocnemis_expansa,240807_6339
4,Spectrogram 1,1,294.2559655,294.5162988,0,6226.4,podocnemis_expansa,240807_6339
1,Spectrogram 1,1,0.870770054,1.158034402,0,6171.4,podocnemis_expansa,240807_6340
2,Spectrogram 1,1,1.62708322,1.820088954,0,7200,podocnemis_expansa,240807_6340
3,Spectrogram 1,1,150.38077,150.6186608,0,5600,podocnemis_expansa,240807_6340
4,Spectrogram 1,1,151.8507555,152.1021118,0,6400,podocnemis_expansa,240807_6340
5,Spectrogram 1,1,263.6191587,263.9535524,0,8914.3,podocnemis_expansa,240807_6340
6,Spectrogram 1,1,264.3283426,264.5774546,0,7085.7,podocnemis_expansa,240807_6340
1,Spectrogram 1,1,280.3289038,281.1009267,92.7,6764.5,podocnemis_expansa,240808_6387
1,Spectrogram 1,1,139.9295145,140.2310888,0,4050.6,podocnemis_expansa,240808_6388
1,Spectrogram 1,1,16.25205235,16.4801662,0,5222.5,podocnemis_expansa,240808_6394
2,Spectrogram 1,1,135.2359264,135.473706,0,5105.1,podocnemis_expansa,240808_6394
1,Spectrogram 1,1,288.4046556,288.4974477,0,13736.5,podocnemis_expansa,240808_6403
1,Spectrogram 1,1,171.7608412,172.2479995,0,8836.6,podocnemis_expansa,240808_6434
2,Spectrogram 1,1,172.9362074,173.299643,0,4705.9,podocnemis_expansa,240808_6434
1,Spectrogram 1,1,1.225628628,1.759183046,0,6081.4,podocnemis_expansa,240809_6457
2,Spectrogram 1,1,15.03606301,15.37630061,0,6570.1,podocnemis_expansa,240809_6457
3,Spectrogram 1,1,95.12901357,95.77469175,0,8796.4,podocnemis_expansa,240809_6457
4,Spectrogram 1,1,221.5799009,221.8196138,0,8905,podocnemis_expansa,240809_6457
1,Spectrogram 1,1,112.9318869,113.1194042,0,21557.3,podocnemis_expansa,240809_6458
1,Spectrogram 1,1,45.50007804,45.92537504,0,4543.7,podocnemis_expansa,240809_6459
2,Spectrogram 1,1,46.25787997,46.7663032,0,2970.9,podocnemis_expansa,240809_6459
3,Spectrogram 1,1,46.9083921,47.39361731,0,4310.7,podocnemis_expansa,240809_6459
4,Spectrogram 1,1,112.5391273,113.420652,0,16368.9,podocnemis_expansa,240809_6459
5,Spectrogram 1,1,223.4178887,223.8915149,0,8271.8,podocnemis_expansa,240809_6459
6,Spectrogram 1,1,228.8772521,229.0802347,0,7165,podocnemis_expansa,240809_6459
1,Spectrogram 1,1,22.08269865,22.35140903,0,5127.8,podocnemis_expansa,240809_6460
2,Spectrogram 1,1,39.19439104,39.50949746,0,6502.2,podocnemis_expansa,240809_6460
3,Spectrogram 1,1,42.76439551,42.99830886,0,10149.8,podocnemis_expansa,240809_6460
4,Spectrogram 1,1,43.44293754,43.66331871,0,9304,podocnemis_expansa,240809_6460
1,Spectrogram 1,1,36.0216486,36.9631015,0,15257.1,podocnemis_expansa,240809_6461
1,Spectrogram 1,1,109.1339645,109.4104075,0,11832.6,podocnemis_expansa,240809_6462
2,Spectrogram 1,1,150.7352413,150.9382239,0,10883.7,podocnemis_expansa,240809_6462
1,Spectrogram 1,1,209.8288561,210.0337719,0,14246.6,podocnemis_expansa,240809_6463
2,Spectrogram 1,1,226.9485999,227.2347088,0,12767.1,podocnemis_expansa,240809_6463
3,Spectrogram 1,1,234.37595,234.6079301,0,9369.9,podocnemis_expansa,240809_6463
1,Spectrogram 1,1,75.28759265,75.59110005,0,24000,podocnemis_expansa,240809_6464
1,Spectrogram 1,1,244.5040232,244.7862658,0,7981,podocnemis_expansa,240809_6465
2,Spectrogram 1,1,274.4613551,274.7165333,0,12598.6,podocnemis_expansa,240809_6465
1,Spectrogram 1,1,81.18728217,81.40959652,0,18500,podocnemis_expansa,240809_6466
3,Spectrogram 1,1,233.4754853,233.6939333,0,12944.4,podocnemis_expansa,240809_6466
4,Spectrogram 1,1,265.4923443,265.7745868,0,10222.2,podocnemis_expansa,240809_6466
5,Spectrogram 1,1,266.0529631,266.3796685,0,6277.8,podocnemis_expansa,240809_6466
6,Spectrogram 1,1,266.9789506,267.1490694,0,8500,podocnemis_expansa,240809_6466
7,Spectrogram 1,1,267.7805463,267.9525982,0,7666.7,podocnemis_expansa,240809_6466
1,Spectrogram 1,1,123.3779269,123.6060408,0,19823.8,podocnemis_expansa,240809_6467
1,Spectrogram 1,1,55.84530076,56.11981065,0,4500,podocnemis_expansa,240809_6468
2,Spectrogram 1,1,287.3146381,287.6626084,0,9532.3,podocnemis_expansa,240809_6468
1,Spectrogram 1,1,0.732670741,1.250759814,0,6950.2,podocnemis_expansa,240809_6469
2,Spectrogram 1,1,79.99313069,80.33143512,0,4995.5,podocnemis_expansa,240809_6469
3,Spectrogram 1,1,185.0162774,185.3990447,0,9448,podocnemis_expansa,240809_6469
4,Spectrogram 1,1,185.7721461,186.1645793,0,11728.5,podocnemis_expansa,240809_6469
5,Spectrogram 1,1,186.4216906,186.6962005,0,10208.1,podocnemis_expansa,240809_6469
1,Spectrogram 1,1,105.6566361,105.9350124,0,9680.7,podocnemis_expansa,240809_6470
1,Spectrogram 1,1,27.58993129,27.90310454,0,6490.9,podocnemis_expansa,240809_6471
2,Spectrogram 1,1,87.81973001,88.11357158,0,7309.1,podocnemis_expansa,240809_6471
3,Spectrogram 1,1,112.5494806,112.7640622,0,9490.9,podocnemis_expansa,240809_6471
4,Spectrogram 1,1,278.7867893,279.1270269,0,7363.6,podocnemis_expansa,240809_6471
1,Spectrogram 1,1,89.2686438,89.69007447,0,8307.7,podocnemis_expansa,240809_6476
2,Spectrogram 1,1,89.87372545,90.23716106,0,9339.4,podocnemis_expansa,240809_6476
1,Spectrogram 1,1,80.84203017,81.10300788,0,4690.9,podocnemis_expansa,240813_6554
2,Spectrogram 1,1,159.0774755,159.290124,0,5618.2,podocnemis_expansa,240813_6554
3,Spectrogram 1,1,165.1007218,165.4370931,0,6872.7,podocnemis_expansa,240813_6554
8,Spectrogram 1,1,165.7375065,165.9429991,0,5776.805,podocnemis_expansa,240813_6554
4,Spectrogram 1,1,166.3379495,166.5331994,0,7309.1,podocnemis_expansa,240813_6554
5,Spectrogram 1,1,166.8135096,167.105418,0,5836.4,podocnemis_expansa,240813_6554
6,Spectrogram 1,1,196.035704,196.1439614,0,7200,podocnemis_expansa,240813_6554
7,Spectrogram 1,1,228.9440478,229.1566963,0,6000,podocnemis_expansa,240813_6554
1,Spectrogram 1,1,7.354757547,7.604136242,0,7181.1,podocnemis_expansa,240813_6555
2,Spectrogram 1,1,15.99091418,16.36401564,0,5354.3,podocnemis_expansa,240813_6555
3,Spectrogram 1,1,205.0639009,205.3020419,0,5296.552,podocnemis_expansa,240813_6556
1,Spectrogram 1,1,206.1001932,206.3360397,0,6558.1,podocnemis_expansa,240813_6556
2,Spectrogram 1,1,250.3555681,250.6126794,0,5720.9,podocnemis_expansa,240813_6556
2,Spectrogram 1,1,199.985901,200.56781,0,11414.634,podocnemis_expansa,240813_6557
1,Spectrogram 1,1,208.1690485,208.4648232,0,5107.7,podocnemis_expansa,240813_6557
1,Spectrogram 1,1,50.96790272,51.20181607,0,6250,podocnemis_expansa,240813_6559
2,Spectrogram 1,1,51.74600351,52.29502327,0,5125,podocnemis_expansa,240813_6559
3,Spectrogram 1,1,186.091279,186.2478656,0,23250,podocnemis_expansa,240813_6559
4,Spectrogram 1,1,186.597769,186.8703457,0,21125,podocnemis_expansa,240813_6559
1,Spectrogram 1,1,31.94238761,32.16663512,0,6767.4,podocnemis_expansa,240813_6560
2,Spectrogram 1,1,42.24007594,42.39859573,0,6209.3,podocnemis_expansa,240813_6560
2,Spectrogram 1,1,153.024727,153.6521197,0,23331.01,podocnemis_expansa,240813_6561
2,Spectrogram 1,1,137.8931486,138.1019308,0,9421.8,podocnemis_expansa,240813_6564
3,Spectrogram 1,1,138.2063218,138.4557005,0,5729.4,podocnemis_expansa,240813_6564
4,Spectrogram 1,1,138.6084208,138.7998045,0,5984.1,podocnemis_expansa,240813_6564
5,Spectrogram 1,1,139.5072345,139.8590711,0,8148.5,podocnemis_expansa,240813_6564
6,Spectrogram 1,1,140.0072476,140.1580347,0,6047.7,podocnemis_expansa,240813_6564
7,Spectrogram 1,1,140.4789406,140.6509926,0,6366,podocnemis_expansa,240813_6564
9,Spectrogram 1,1,175.5046616,175.8159017,0,13368.7,podocnemis_expansa,240813_6564
8,Spectrogram 1,1,177.1420563,177.3779028,0,7511.9,podocnemis_expansa,240813_6564
10,Spectrogram 1,1,260.4751916,260.6569094,0,21198.9,podocnemis_expansa,240813_6564
11,Spectrogram 1,1,262.1299836,262.3406989,0,13177.7,podocnemis_expansa,240813_6564
12,Spectrogram 1,1,262.6958568,262.8969063,0,5029.2,podocnemis_expansa,240813_6564
13,Spectrogram 1,1,263.3454013,263.6160449,0,6238.7,podocnemis_expansa,240813_6564
2,Spectrogram 1,1,191.5171699,191.8902714,0,6366,podocnemis_expansa,240813_6565
3,Spectrogram 1,1,192.3464991,192.6596723,0,6939,podocnemis_expansa,240813_6565
4,Spectrogram 1,1,220.8907565,221.0724743,0,5729.4,podocnemis_expansa,240813_6565
1,Spectrogram 1,1,206.2321511,206.4158021,0,4600,podocnemis_expansa,240813_6566
2,Spectrogram 1,1,222.979958,223.2853986,0,9733.3,podocnemis_expansa,240813_6566
3,Spectrogram 1,1,225.4449545,225.7697273,0,7933.3,podocnemis_expansa,240813_6566
4,Spectrogram 1,1,225.7929253,226.1447619,0,6600,podocnemis_expansa,240813_6566
1,Spectrogram 1,1,64.51813996,64.80618202,0,4812.5,podocnemis_expansa,240813_6567
2,Spectrogram 1,1,101.069261,101.506157,0,7125,podocnemis_expansa,240813_6567
3,Spectrogram 1,1,102.333556,102.7143901,0,5625,podocnemis_expansa,240813_6567
4,Spectrogram 1,1,103.1106896,103.4335287,0,5437.5,podocnemis_expansa,240813_6567
5,Spectrogram 1,1,130.0563179,130.367558,0,12312.5,podocnemis_expansa,240813_6567
6,Spectrogram 1,1,204.6595961,204.9592372,0,6125,podocnemis_expansa,240813_6567
2,Spectrogram 1,1,221.4605133,221.8974093,0,7851.1,podocnemis_expansa,240813_6568
3,Spectrogram 1,1,223.3149146,223.6590185,0,7021.3,podocnemis_expansa,240813_6568
4,Spectrogram 1,1,223.7170135,223.9934566,0,9510.6,podocnemis_expansa,240813_6568
1,Spectrogram 1,1,224.7295055,225.2089312,0,7531.9,podocnemis_expansa,240813_6568
1,Spectrogram 1,1,30.62070252,31.14585766,0,9561,podocnemis_expansa,240814_6642
3,Spectrogram 1,1,221.8857999,222.2067058,0,12694.215,podocnemis_expansa,240814_6642
2,Spectrogram 1,1,222.6180151,222.8895697,0,10146.3,podocnemis_expansa,240814_6642
1,Spectrogram 1,1,61.62773623,61.93968736,0,7200,podocnemis_expansa,240814_6644
2,Spectrogram 1,1,104.4678938,104.6788535,0,11236.4,podocnemis_expansa,240814_6644
3,Spectrogram 1,1,105.1344368,105.5541121,0,12654.5,podocnemis_expansa,240814_6644
1,Spectrogram 1,1,1.119882106,1.245560258,0,5246.5,podocnemis_expansa,240814_6645
2,Spectrogram 1,1,40.0171363,40.21911904,0,5693,podocnemis_expansa,240814_6645
4,Spectrogram 1,1,129.0102653,129.2325796,0,9741.176,podocnemis_expansa,240814_6645
3,Spectrogram 1,1,129.9612198,130.0891422,0,17190.7,podocnemis_expansa,240814_6645
1,Spectrogram 1,1,35.56088411,35.81672892,0,4623.9,podocnemis_expansa,240814_6646
2,Spectrogram 1,1,241.8565218,242.0383063,0,7266.1,podocnemis_expansa,240814_6646
2,Spectrogram 1,1,1.13863606,1.504004846,0,7024.39,podocnemis_expansa,240814_6647
3,Spectrogram 1,1,9.954082187,10.2633891,0,3846.69,podocnemis_expansa,240814_6647
4,Spectrogram 1,1,25.8388479,26.00703353,0,6020.906,podocnemis_expansa,240814_6647
1,Spectrogram 1,1,91.81564494,92.20390066,0,10341.5,podocnemis_expansa,240814_6647
1,Spectrogram 1,1,141.956008,142.2006316,0,9529.4,podocnemis_expansa,240814_6648
1,Spectrogram 1,1,2.146662327,2.339668061,0,8357.1,podocnemis_expansa,240814_6649
2,Spectrogram 1,1,3.152087545,3.360803047,0,10392.9,podocnemis_expansa,240814_6649
1,Spectrogram 1,1,67.18952427,67.37130874,0,5444.4,podocnemis_expansa,240814_6651
3,Spectrogram 1,1,98.85558296,98.99697088,0,9666.7,podocnemis_expansa,240814_6651
4,Spectrogram 1,1,130.6958808,131.1806393,0,13111.1,podocnemis_expansa,240814_6651
1,Spectrogram 1,1,67.95503432,68.24005442,0,5767.4,podocnemis_expansa,240814_6652
2,Spectrogram 1,1,172.7279521,173.0152165,0,5209.3,podocnemis_expansa,240814_6652
3,Spectrogram 1,1,231.7640797,231.9705509,0,4651.2,podocnemis_expansa,240814_6652
1,Spectrogram 1,1,99.9944952,100.2705383,0,19587.4,podocnemis_expansa,240814_6653
1,Spectrogram 1,1,134.3454591,134.7202493,0,10610.5,podocnemis_expansa,240814_6655
2,Spectrogram 1,1,134.7359591,135.0793298,0,9221.1,podocnemis_expansa,240814_6655
3,Spectrogram 1,1,233.9150598,234.2000799,0,18568.4,podocnemis_expansa,240814_6655
4,Spectrogram 1,1,234.2337437,234.3796201,0,13010.5,podocnemis_expansa,240814_6655
1,Spectrogram 1,1,35.40815945,35.66176001,0,15509.4,podocnemis_expansa,240814_6656
2,Spectrogram 1,1,150.4027117,150.912157,0,10075.5,podocnemis_expansa,240814_6656
1,Spectrogram 1,1,196.1056131,196.460205,0,11336.2,podocnemis_expansa,240814_6660
2,Spectrogram 1,1,69.59401628,70.26042689,0,5671.8,podocnemis_expansa,240815_6720
3,Spectrogram 1,1,70.38141787,70.94220143,0,6039.4,podocnemis_expansa,240815_6720
1,Spectrogram 1,1,71.71615937,72.03112,0,10240.7,podocnemis_expansa,240815_6720
4,Spectrogram 1,1,85.79138805,86.0564159,0,9032.8,podocnemis_expansa,240815_6720
5,Spectrogram 1,1,86.3560126,86.70746258,0,8560.2,podocnemis_expansa,240815_6720
6,Spectrogram 1,1,196.3864602,196.7590355,0,15229.8,podocnemis_expansa,240815_6720
7,Spectrogram 1,1,268.8346581,269.4069646,0,5829.3,podocnemis_expansa,240815_6720
1,Spectrogram 1,1,152.0525377,152.5365016,0,5973.3,podocnemis_expansa,240815_6721
2,Spectrogram 1,1,226.230473,226.5723205,0,7360,podocnemis_expansa,240815_6721
1,Spectrogram 1,1,9.583687623,10.09453841,0,10791.9,podocnemis_expansa,240815_6722
2,Spectrogram 1,1,10.22129086,10.57466132,0,9610.7,podocnemis_expansa,240815_6722
3,Spectrogram 1,1,43.03439429,43.28405821,0,22711.4,podocnemis_expansa,240815_6722
1,Spectrogram 1,1,29.2717674,29.61553541,0,15616.1,podocnemis_expansa,240815_6723
1,Spectrogram 1,1,81.07426916,81.5486306,0,18297.5,podocnemis_expansa,240815_6724
2,Spectrogram 1,1,249.6827433,249.9977039,0,7983.5,podocnemis_expansa,240815_6724
3,Spectrogram 1,1,250.7102063,250.9464268,0,7140.5,podocnemis_expansa,240815_6724
1,Spectrogram 1,1,69.7687082,70.03181556,0,5905.5,podocnemis_expansa,240815_6725
2,Spectrogram 1,1,70.75776141,70.95173107,0,9165.4,podocnemis_expansa,240815_6725
3,Spectrogram 1,1,171.325104,171.5939729,0,5669.3,podocnemis_expansa,240815_6725
1,Spectrogram 1,1,65.7940603,66.07253159,0,14815.4,podocnemis_expansa,240815_6727
2,Spectrogram 1,1,66.43358403,66.65059958,0,19107.7,podocnemis_expansa,240815_6727
3,Spectrogram 1,1,120.9588029,121.3947545,0,9046.2,podocnemis_expansa,240815_6727
4,Spectrogram 1,1,164.6942909,165.0054106,0,6184.6,podocnemis_expansa,240815_6727
5,Spectrogram 1,1,165.5431473,165.7697653,0,14584.6,podocnemis_expansa,240815_6727
6,Spectrogram 1,1,166.1116128,166.3977661,0,14861.5,podocnemis_expansa,240815_6727
7,Spectrogram 1,1,166.7953079,166.9796751,0,14676.9,podocnemis_expansa,240815_6727
8,Spectrogram 1,1,244.0856142,244.3986543,0,6092.3,podocnemis_expansa,240815_6727
1,Spectrogram 1,1,1.26560401,1.592087594,0,5517.2,podocnemis_expansa,240815_6728
2,Spectrogram 1,1,1.933935112,2.210485912,0,6252.9,podocnemis_expansa,240815_6728
3,Spectrogram 1,1,34.24863435,34.60200481,0,7632.2,podocnemis_expansa,240815_6728
4,Spectrogram 1,1,35.10325314,35.36444001,0,8000,podocnemis_expansa,240815_6728
5,Spectrogram 1,1,55.75376351,56.0783266,0,12321.8,podocnemis_expansa,240815_6728
6,Spectrogram 1,1,56.23004544,56.72745278,0,7586.2,podocnemis_expansa,240815_6728
7,Spectrogram 1,1,57.30539844,57.55506235,0,8505.7,podocnemis_expansa,240815_6728
8,Spectrogram 1,1,58.30405411,58.97238521,0,8137.9,podocnemis_expansa,240815_6728
9,Spectrogram 1,1,76.93371839,77.28708886,0,5149.4,podocnemis_expansa,240815_6728
10,Spectrogram 1,1,234.8248896,235.1091224,0,9747.1,podocnemis_expansa,240815_6728
11,Spectrogram 1,1,235.5815633,235.8427502,0,12137.9,podocnemis_expansa,240815_6728
12,Spectrogram 1,1,236.3787452,236.7090698,0,9701.1,podocnemis_expansa,240815_6728
13,Spectrogram 1,1,237.3985252,237.8594432,0,8919.5,podocnemis_expansa,240815_6728
14,Spectrogram 1,1,238.2089715,238.8273698,0,11770.1,podocnemis_expansa,240815_6728
15,Spectrogram 1,1,238.9464403,239.4208018,0,11218.4,podocnemis_expansa,240815_6728
16,Spectrogram 1,1,239.7344663,240.1742589,0,12321.8,podocnemis_expansa,240815_6728
17,Spectrogram 1,1,240.3989564,241.0807309,0,10160.9,podocnemis_expansa,240815_6728
18,Spectrogram 1,1,243.3113786,243.7915015,0,6252.9,podocnemis_expansa,240815_6728
19,Spectrogram 1,1,244.2677834,244.9226711,0,6344.8,podocnemis_expansa,240815_6728
20,Spectrogram 1,1,246.3566767,246.7081267,0,4781.6,podocnemis_expansa,240815_6728
21,Spectrogram 1,1,246.8579251,247.2689103,0,7172.4,podocnemis_expansa,240815_6728
22,Spectrogram 1,1,247.7279078,248.1177676,0,11816.1,podocnemis_expansa,240815_6728
23,Spectrogram 1,1,278.5249509,278.7707738,0,7724.1,podocnemis_expansa,240815_6728
24,Spectrogram 1,1,279.30275,279.7002918,0,11402.3,podocnemis_expansa,240815_6728
25,Spectrogram 1,1,282.3984208,282.6461642,0,10620.7,podocnemis_expansa,240815_6728
26,Spectrogram 1,1,284.2228844,284.6223467,0,6712.6,podocnemis_expansa,240815_6728
27,Spectrogram 1,1,284.8432032,285.2925983,0,8092,podocnemis_expansa,240815_6728
28,Spectrogram 1,1,288.1131806,288.3397986,0,20919.5,podocnemis_expansa,240815_6728
1,Spectrogram 1,1,7.871827271,8.221356755,0,19911.1,podocnemis_expansa,240815_6729
2,Spectrogram 1,1,9.383831528,9.620052003,0,23333.3,podocnemis_expansa,240815_6729
3,Spectrogram 1,1,37.47290027,37.84547565,0,20977.8,podocnemis_expansa,240815_6729
4,Spectrogram 1,1,38.14315186,38.6424797,0,18622.2,podocnemis_expansa,240815_6729
5,Spectrogram 1,1,50.08529153,50.43482101,0,7511.1,podocnemis_expansa,240815_6729
6,Spectrogram 1,1,50.77666853,51.03017343,0,10666.7,podocnemis_expansa,240815_6729
7,Spectrogram 1,1,51.28751932,51.52373979,0,12355.6,podocnemis_expansa,240815_6729
8,Spectrogram 1,1,51.58519552,51.82525698,0,11866.7,podocnemis_expansa,240815_6729
9,Spectrogram 1,1,58.7680357,58.97352831,0,7600,podocnemis_expansa,240815_6729
10,Spectrogram 1,1,59.00809716,59.28464796,0,14800,podocnemis_expansa,240815_6729
11,Spectrogram 1,1,76.6423855,77.03800678,0,19200,podocnemis_expansa,240815_6729
12,Spectrogram 1,1,93.69749298,94.18529786,0,9511.1,podocnemis_expansa,240815_6729
13,Spectrogram 1,1,94.94581175,95.52195925,0,12977.8,podocnemis_expansa,240815_6729
14,Spectrogram 1,1,95.72361087,96.06161741,0,11111.1,podocnemis_expansa,240815_6729
15,Spectrogram 1,1,96.11731166,96.46300016,0,8444.4,podocnemis_expansa,240815_6729
16,Spectrogram 1,1,96.69153738,97.32145864,0,11155.6,podocnemis_expansa,240815_6729
17,Spectrogram 1,1,97.68292708,98.25907458,0,16711.1,podocnemis_expansa,240815_6729
18,Spectrogram 1,1,98.43768031,99.01958928,0,17466.7,podocnemis_expansa,240815_6729
4,Spectrogram 1,1,45.18069814,45.54751205,0,6363.6,podocnemis_expansa,240815_6730
5,Spectrogram 1,1,58.28707934,58.84402193,0,8818.2,podocnemis_expansa,240815_6730
6,Spectrogram 1,1,59.48162401,59.715924,0,18681.8,podocnemis_expansa,240815_6730
7,Spectrogram 1,1,60.56286082,60.7990813,0,14454.5,podocnemis_expansa,240815_6730
8,Spectrogram 1,1,61.08715401,61.44820645,0,10000,podocnemis_expansa,240815_6730
9,Spectrogram 1,1,61.47317284,61.85343019,0,4909.1,podocnemis_expansa,240815_6730
10,Spectrogram 1,1,83.63998019,83.82626788,0,5227.3,podocnemis_expansa,240815_6730
11,Spectrogram 1,1,84.23149163,84.52916783,0,5909.1,podocnemis_expansa,240815_6730
12,Spectrogram 1,1,84.66552197,84.99008506,0,5772.7,podocnemis_expansa,240815_6730
13,Spectrogram 1,1,85.89079365,86.29217641,0,6272.7,podocnemis_expansa,240815_6730
14,Spectrogram 1,1,86.72044605,87.20825094,0,8818.2,podocnemis_expansa,240815_6730
15,Spectrogram 1,1,88.22707007,88.64765775,0,3545.5,podocnemis_expansa,240815_6730
16,Spectrogram 1,1,91.80492923,92.2965751,0,7227.3,podocnemis_expansa,240815_6730
18,Spectrogram 1,1,92.89768788,93.1243059,0,6454.5,podocnemis_expansa,240815_6730
17,Spectrogram 1,1,93.13966983,93.41045916,0,6090.9,podocnemis_expansa,240815_6730
19,Spectrogram 1,1,95.39389842,95.98733035,0,6409.1,podocnemis_expansa,240815_6730
20,Spectrogram 1,1,96.1832205,96.55963686,0,19818.2,podocnemis_expansa,240815_6730
21,Spectrogram 1,1,96.73055914,97.43537958,0,20090.9,podocnemis_expansa,240815_6730
22,Spectrogram 1,1,99.48070051,99.89552671,0,6454.5,podocnemis_expansa,240815_6730
23,Spectrogram 1,1,104.8733797,105.1864198,0,24000,podocnemis_expansa,240815_6730
24,Spectrogram 1,1,107.8528745,108.0986974,0,23636.4,podocnemis_expansa,240815_6730
25,Spectrogram 1,1,115.5272435,115.7577025,0,10681.8,podocnemis_expansa,240815_6730
26,Spectrogram 1,1,116.596006,116.9263306,0,6272.7,podocnemis_expansa,240815_6730
27,Spectrogram 1,1,116.9359331,117.2393708,0,6636.4,podocnemis_expansa,240815_6730
28,Spectrogram 1,1,117.2489732,117.7041297,0,22909.1,podocnemis_expansa,240815_6730
30,Spectrogram 1,1,117.8347211,118.1919325,0,6500,podocnemis_expansa,240815_6730
29,Spectrogram 1,1,118.6163612,118.9274808,0,12318.2,podocnemis_expansa,240815_6730
31,Spectrogram 1,1,119.1752242,119.5055488,90.9,8909.1,podocnemis_expansa,240815_6730
32,Spectrogram 1,1,120.8306866,121.2263079,0,5090.9,podocnemis_expansa,240815_6730
33,Spectrogram 1,1,154.7892341,155.0177726,0,10818.2,podocnemis_expansa,240815_6730
34,Spectrogram 1,1,201.8160548,202.1425384,0,6000,podocnemis_expansa,240815_6730
35,Spectrogram 1,1,264.7661718,265.1214628,0,13454.5,podocnemis_expansa,240815_6730
36,Spectrogram 1,1,265.8380869,266.272118,0,10954.5,podocnemis_expansa,240815_6730
1,Spectrogram 1,1,0.038409833,0.289994242,0,9991.8,podocnemis_expansa,240815_6731
2,Spectrogram 1,1,0.395621284,0.664490118,0,8179.6,podocnemis_expansa,240815_6731
3,Spectrogram 1,1,0.704820443,0.973689277,0,12685.7,podocnemis_expansa,240815_6731
4,Spectrogram 1,1,0.998655668,1.330900727,0,20277.6,podocnemis_expansa,240815_6731
5,Spectrogram 1,1,1.336662202,1.630497428,0,19689.8,podocnemis_expansa,240815_6731
6,Spectrogram 1,1,1.743806436,2.033800678,0,9991.8,podocnemis_expansa,240815_6731
7,Spectrogram 1,1,2.045323628,2.314192462,0,12342.9,podocnemis_expansa,240815_6731
8,Spectrogram 1,1,3.094004176,3.383998418,0,17093.9,podocnemis_expansa,240815_6731
9,Spectrogram 1,1,3.441613168,3.762335277,0,21844.9,podocnemis_expansa,240815_6731
10,Spectrogram 1,1,48.2376461,48.59485755,0,5191.8,podocnemis_expansa,240815_6731
11,Spectrogram 1,1,62.02536768,62.32496438,0,13763.3,podocnemis_expansa,240815_6731
12,Spectrogram 1,1,63.46957741,63.68851346,0,17240.8,podocnemis_expansa,240815_6731
13,Spectrogram 1,1,119.0101294,119.2770777,0,5779.6,podocnemis_expansa,240815_6731
14,Spectrogram 1,1,123.2660535,123.6712772,0,17485.7,podocnemis_expansa,240815_6731
15,Spectrogram 1,1,128.4360468,128.7183591,0,18220.4,podocnemis_expansa,240815_6731
16,Spectrogram 1,1,136.1939912,136.485906,0,22285.7,podocnemis_expansa,240815_6731
17,Spectrogram 1,1,136.9256986,137.16576,0,23216.3,podocnemis_expansa,240815_6731
18,Spectrogram 1,1,138.43767,138.7468692,0,14791.8,podocnemis_expansa,240815_6731
19,Spectrogram 1,1,139.0829552,139.3134142,0,14546.9,podocnemis_expansa,240815_6731
20,Spectrogram 1,1,160.9286485,161.1667895,0,6955.1,podocnemis_expansa,240815_6731
21,Spectrogram 1,1,168.863329,169.328088,0,24000,podocnemis_expansa,240815_6731
22,Spectrogram 1,1,174.6925992,175.0325262,0,6465.3,podocnemis_expansa,240815_6731
23,Spectrogram 1,1,191.2422738,191.6782254,0,6661.2,podocnemis_expansa,240815_6731
24,Spectrogram 1,1,192.3617014,192.8571883,0,24000,podocnemis_expansa,240815_6731
25,Spectrogram 1,1,193.8729211,194.1398694,0,5485.7,podocnemis_expansa,240815_6731
26,Spectrogram 1,1,281.807576,282.038035,0,24000,podocnemis_expansa,240815_6731
1,Spectrogram 1,1,0.458997509,0.710581918,0,7049,podocnemis_expansa,240815_6732
2,Spectrogram 1,1,1.296331877,1.622815461,0,8895.1,podocnemis_expansa,240815_6732
3,Spectrogram 1,1,1.80526217,2.022277728,0,8000,podocnemis_expansa,240815_6732
4,Spectrogram 1,1,2.275920604,2.660018938,0,17734.3,podocnemis_expansa,240815_6732
5,Spectrogram 1,1,4.11729224,4.524436474,0,16503.5,podocnemis_expansa,240815_6732
6,Spectrogram 1,1,4.53211844,4.898932349,0,9286.7,podocnemis_expansa,240815_6732
7,Spectrogram 1,1,40.29706479,40.5256033,0,10293.7,podocnemis_expansa,240815_6732
8,Spectrogram 1,1,52.54539769,52.85075587,0,9566.4,podocnemis_expansa,240815_6732
9,Spectrogram 1,1,54.05899231,54.60633244,0,6657.3,podocnemis_expansa,240815_6732
10,Spectrogram 1,1,55.84216831,56.22434615,0,9902.1,podocnemis_expansa,240815_6732
11,Spectrogram 1,1,87.60656136,87.88119167,0,8055.9,podocnemis_expansa,240815_6732
12,Spectrogram 1,1,186.9505641,187.215592,0,6825.2,podocnemis_expansa,240815_6732
13,Spectrogram 1,1,188.582982,188.8307255,0,6433.6,podocnemis_expansa,240815_6732
14,Spectrogram 1,1,205.3615994,205.7188109,0,6433.6,podocnemis_expansa,240815_6732
15,Spectrogram 1,1,206.6643789,207.3999273,0,8615.4,podocnemis_expansa,240815_6732
16,Spectrogram 1,1,208.5291752,209.0918792,0,5818.2,podocnemis_expansa,240815_6732
17,Spectrogram 1,1,209.3645884,209.9157695,0,17398.6,podocnemis_expansa,240815_6732
18,Spectrogram 1,1,250.7132671,250.9821359,0,7944.1,podocnemis_expansa,240815_6732
19,Spectrogram 1,1,275.4197055,275.6079137,0,20083.9,podocnemis_expansa,240815_6732
1,Spectrogram 1,1,10.92607938,11.24296051,0,8986.8,podocnemis_expansa,240815_6733
2,Spectrogram 1,1,13.00309012,13.43904173,0,7189.4,podocnemis_expansa,240815_6733
3,Spectrogram 1,1,16.71007921,17.08265459,0,6026.4,podocnemis_expansa,240815_6733
4,Spectrogram 1,1,17.27662425,17.6338357,0,7612.3,podocnemis_expansa,240815_6733
5,Spectrogram 1,1,17.63959717,17.88542011,0,5286.3,podocnemis_expansa,240815_6733
6,Spectrogram 1,1,17.89310108,18.38474695,0,5762.1,podocnemis_expansa,240815_6733
7,Spectrogram 1,1,18.40203137,18.81685757,0,5497.8,podocnemis_expansa,240815_6733
9,Spectrogram 1,1,26.55754388,26.84561763,0,5180.6,podocnemis_expansa,240815_6733
10,Spectrogram 1,1,26.96468811,27.26620531,0,4652,podocnemis_expansa,240815_6733
8,Spectrogram 1,1,27.83467084,28.22261016,0,22202.6,podocnemis_expansa,240815_6733
11,Spectrogram 1,1,47.88105509,48.17296982,0,24000,podocnemis_expansa,240815_6733
12,Spectrogram 1,1,60.23634032,60.46679932,0,4493.4,podocnemis_expansa,240815_6733
13,Spectrogram 1,1,211.8532373,212.1067422,0,6132.2,podocnemis_expansa,240815_6733
14,Spectrogram 1,1,233.4052159,233.6529593,0,11735.7,podocnemis_expansa,240815_6733
15,Spectrogram 1,1,233.7681888,234.0370576,0,10784.1,podocnemis_expansa,240815_6733
16,Spectrogram 1,1,235.4428566,235.917218,0,6343.6,podocnemis_expansa,240815_6733
17,Spectrogram 1,1,245.3102834,245.5925957,0,3224.7,podocnemis_expansa,240815_6733
1,Spectrogram 1,1,0.624159793,1.052429435,0,7247.3,podocnemis_expansa,240815_6734
2,Spectrogram 1,1,1.75917037,2.074131003,0,5619.3,podocnemis_expansa,240815_6734
3,Spectrogram 1,1,2.353272057,2.821872024,0,5671.8,podocnemis_expansa,240815_6734
4,Spectrogram 1,1,2.854520383,3.00047775,0,12131.3,podocnemis_expansa,240815_6734
5,Spectrogram 1,1,3.436429359,3.759071959,0,24000,podocnemis_expansa,240815_6734
6,Spectrogram 1,1,3.991446501,4.460046469,0,23947.5,podocnemis_expansa,240815_6734
7,Spectrogram 1,1,4.508058761,4.671300553,0,24000,podocnemis_expansa,240815_6734
8,Spectrogram 1,1,29.31608653,29.6233652,0,6249.5,podocnemis_expansa,240815_6734
9,Spectrogram 1,1,59.81867048,60.16435898,0,6407,podocnemis_expansa,240815_6734
10,Spectrogram 1,1,60.4562729,60.82692779,0,13391.7,podocnemis_expansa,240815_6734
11,Spectrogram 1,1,61.30128853,61.63737457,0,11868.7,podocnemis_expansa,240815_6734
12,Spectrogram 1,1,62.8165549,63.14303849,0,4831.5,podocnemis_expansa,240815_6734
13,Spectrogram 1,1,107.8653638,108.2187343,0,24000,podocnemis_expansa,240815_6734
14,Spectrogram 1,1,108.2340982,108.4991261,0,20691.5,podocnemis_expansa,240815_6734
15,Spectrogram 1,1,181.1546599,181.7308074,0,8560.2,podocnemis_expansa,240815_6734
16,Spectrogram 1,1,267.7992273,268.0892216,0,3098.5,podocnemis_expansa,240815_6734
17,Spectrogram 1,1,284.2980289,284.6072281,0,7037.2,podocnemis_expansa,240815_6734
1,Spectrogram 1,1,77.56752103,77.78837757,0,16814.4,podocnemis_expansa,240815_6735
3,Spectrogram 1,1,78.0188359,78.76590716,0,7808.4,podocnemis_expansa,240815_6735
2,Spectrogram 1,1,78.78511274,79.06166354,0,12646.7,podocnemis_expansa,240815_6735
4,Spectrogram 1,1,79.9358929,80.32383222,0,18347.3,podocnemis_expansa,240815_6735
5,Spectrogram 1,1,81.15540511,81.69890425,0,16718.6,podocnemis_expansa,240815_6735
6,Spectrogram 1,1,82.1041267,82.62457994,0,6515,podocnemis_expansa,240815_6735
7,Spectrogram 1,1,122.4006597,122.6887335,0,17772.5,podocnemis_expansa,240815_6735
8,Spectrogram 1,1,155.5495797,155.8453354,0,6850.3,podocnemis_expansa,240815_6735
9,Spectrogram 1,1,165.1613184,165.3380036,0,6658.7,podocnemis_expansa,240815_6735
10,Spectrogram 1,1,175.5007878,175.7600541,0,12024,podocnemis_expansa,240815_6735
11,Spectrogram 1,1,180.1880647,180.4338876,0,8143.7,podocnemis_expansa,240815_6735
12,Spectrogram 1,1,294.5244057,294.8432073,0,12982,podocnemis_expansa,240815_6735
13,Spectrogram 1,1,294.8470483,295.017972,0,12838.3,podocnemis_expansa,240815_6735
14,Spectrogram 1,1,295.5315073,296.1076548,0,10107.8,podocnemis_expansa,240815_6735
15,Spectrogram 1,1,296.1153367,296.6818818,0,12503,podocnemis_expansa,240815_6735
1,Spectrogram 1,1,2.436738676,3.030170602,0,6661.2,podocnemis_expansa,240815_6736
2,Spectrogram 1,1,56.01960903,56.31536474,0,10138.8,podocnemis_expansa,240815_6736
3,Spectrogram 1,1,56.6245639,56.91071716,0,9746.9,podocnemis_expansa,240815_6736
4,Spectrogram 1,1,70.91468831,71.17587518,0,5142.9,podocnemis_expansa,240815_6736
5,Spectrogram 1,1,71.47355139,71.65791859,0,5779.6,podocnemis_expansa,240815_6736
6,Spectrogram 1,1,78.50977,78.75175195,0,6514.3,podocnemis_expansa,240815_6736
7,Spectrogram 1,1,96.87153646,97.36414258,0,8473.5,podocnemis_expansa,240815_6736
8,Spectrogram 1,1,108.3144117,108.596724,0,22775.5,podocnemis_expansa,240815_6736
9,Spectrogram 1,1,123.5928114,123.8962491,0,9844.9,podocnemis_expansa,240815_6736
10,Spectrogram 1,1,139.1430347,139.3523683,0,6416.3,podocnemis_expansa,240815_6736
11,Spectrogram 1,1,157.0540349,157.3824389,0,6269.4,podocnemis_expansa,240815_6736
12,Spectrogram 1,1,157.3920414,157.5821701,0,22579.6,podocnemis_expansa,240815_6736
13,Spectrogram 1,1,157.8702432,158.5212898,0,6220.4,podocnemis_expansa,240815_6736
14,Spectrogram 1,1,196.6215547,196.786717,0,21795.9,podocnemis_expansa,240815_6736
15,Spectrogram 1,1,196.9057875,197.1573719,0,7249,podocnemis_expansa,240815_6736
16,Spectrogram 1,1,219.9572531,220.2549293,0,6857.1,podocnemis_expansa,240815_6736
17,Spectrogram 1,1,237.8469685,238.1427242,0,5265.6,podocnemis_expansa,240815_6736
18,Spectrogram 1,1,263.8426911,264.0385813,0,18346.4,podocnemis_expansa,240815_6736
19,Spectrogram 1,1,286.0364464,286.487762,0,11806,podocnemis_expansa,240815_6736
20,Spectrogram 1,1,286.7969611,287.2329128,0,13912.2,podocnemis_expansa,240815_6736
21,Spectrogram 1,1,288.6733748,288.9134362,0,2383.4,podocnemis_expansa,240815_6736
1,Spectrogram 1,1,5.997472728,6.335479262,0,24000,podocnemis_expansa,240815_6737
2,Spectrogram 1,1,6.89626283,7.111357897,0,23499,podocnemis_expansa,240815_6737
3,Spectrogram 1,1,16.4967173,16.76366565,0,6914.4,podocnemis_expansa,240815_6737
4,Spectrogram 1,1,16.78287056,17.26107299,0,5862.2,podocnemis_expansa,240815_6737
5,Spectrogram 1,1,17.43391724,17.75848033,0,6363.3,podocnemis_expansa,240815_6737
6,Spectrogram 1,1,19.63287688,19.74618588,0,23298.5,podocnemis_expansa,240815_6737
9,Spectrogram 1,1,22.16634687,22.31038375,0,21695.2,podocnemis_expansa,240815_6737
7,Spectrogram 1,1,24.12716627,24.3518638,0,24000,podocnemis_expansa,240815_6737
8,Spectrogram 1,1,24.54775395,24.86847606,0,23899.8,podocnemis_expansa,240815_6737
11,Spectrogram 1,1,66.29871701,66.56758584,0,12125.3,podocnemis_expansa,240815_6737
12,Spectrogram 1,1,67.1340091,67.38175253,0,5711.9,podocnemis_expansa,240815_6737
13,Spectrogram 1,1,76.73184732,76.95078337,0,23499,podocnemis_expansa,240815_6737
15,Spectrogram 1,1,138.8888277,139.1135252,0,5311.1,podocnemis_expansa,240815_6737
16,Spectrogram 1,1,143.4230457,143.569003,0,6062.6,podocnemis_expansa,240815_6737
17,Spectrogram 1,1,216.5975141,217.0065788,0,6012.5,podocnemis_expansa,240815_6737
1,Spectrogram 1,1,1.920910836,2.18977967,49.5,5690.7,podocnemis_expansa,240815_6738
2,Spectrogram 1,1,25.96519816,26.44340058,0,6532,podocnemis_expansa,240815_6738
3,Spectrogram 1,1,26.45300304,26.93504645,0,5740.2,podocnemis_expansa,240815_6738
4,Spectrogram 1,1,26.96001284,27.37675953,0,5839.2,podocnemis_expansa,240815_6738
5,Spectrogram 1,1,28.42534658,28.84977524,0,6828.9,podocnemis_expansa,240815_6738
6,Spectrogram 1,1,30.44639894,30.68838089,0,5888.7,podocnemis_expansa,240815_6738
7,Spectrogram 1,1,30.74983522,31.26644748,0,6532,podocnemis_expansa,240815_6738
8,Spectrogram 1,1,33.41066928,33.819734,0,23208.2,podocnemis_expansa,240815_6738
9,Spectrogram 1,1,37.09705098,37.38704522,0,5888.7,podocnemis_expansa,240815_6738
10,Spectrogram 1,1,43.49566636,43.69347701,0,6086.6,podocnemis_expansa,240815_6738
11,Spectrogram 1,1,51.0047338,51.31585345,0,5938.1,podocnemis_expansa,240815_6738
12,Spectrogram 1,1,51.56935683,51.94769369,0,5839.2,podocnemis_expansa,240815_6738
13,Spectrogram 1,1,52.44510103,52.82535838,0,6334,podocnemis_expansa,240815_6738
14,Spectrogram 1,1,53.96858437,54.18752042,0,5641.2,podocnemis_expansa,240815_6738
15,Spectrogram 1,1,54.70989416,54.97492201,0,5393.8,podocnemis_expansa,240815_6738
16,Spectrogram 1,1,77.57102698,78.15677694,0,6136.1,podocnemis_expansa,240815_6738
17,Spectrogram 1,1,92.62135289,92.8959832,0,5294.8,podocnemis_expansa,240815_6738
18,Spectrogram 1,1,93.14468687,93.34057702,0,3414.4,podocnemis_expansa,240815_6738
19,Spectrogram 1,1,116.4873069,116.7350503,0,5096.9,podocnemis_expansa,240815_6738
20,Spectrogram 1,1,121.4913754,121.6815041,99,4899,podocnemis_expansa,240815_6738
21,Spectrogram 1,1,168.9845275,169.209225,0,6828.9,podocnemis_expansa,240815_6738
22,Spectrogram 1,1,192.2540414,192.4960233,0,22317.5,podocnemis_expansa,240815_6738
23,Spectrogram 1,1,211.9042768,212.2134759,0,17468,podocnemis_expansa,240815_6738
1,Spectrogram 1,1,1.544075303,1.937776095,0,12733.6,podocnemis_expansa,240815_6739
2,Spectrogram 1,1,2.152201578,2.561266303,0,10323.1,podocnemis_expansa,240815_6739
3,Spectrogram 1,1,88.65461446,88.93884722,0,6288.2,podocnemis_expansa,240815_6739
4,Spectrogram 1,1,89.92789984,90.23325802,0,8279.5,podocnemis_expansa,240815_6739
5,Spectrogram 1,1,90.27742932,90.55590062,0,8803.5,podocnemis_expansa,240815_6739
6,Spectrogram 1,1,90.6519242,90.92079303,0,15091.7,podocnemis_expansa,240815_6739
7,Spectrogram 1,1,91.10900122,91.62369298,0,12314.4,podocnemis_expansa,240815_6739
8,Spectrogram 1,1,91.66978412,91.92713,0,6602.6,podocnemis_expansa,240815_6739
9,Spectrogram 1,1,92.28434041,92.55128876,0,6759.8,podocnemis_expansa,240815_6739
10,Spectrogram 1,1,92.83168054,93.12935675,0,7545.9,podocnemis_expansa,240815_6739
11,Spectrogram 1,1,94.01047799,94.71529843,0,22637.6,podocnemis_expansa,240815_6739
12,Spectrogram 1,1,99.12112312,99.39767392,0,6026.2,podocnemis_expansa,240815_6739
13,Spectrogram 1,1,113.6423967,114.0092106,0,9589.5,podocnemis_expansa,240815_6739
14,Spectrogram 1,1,133.4390462,133.5696397,0,20541.5,podocnemis_expansa,240815_6739
15,Spectrogram 1,1,142.2192144,142.6033127,0,7126.6,podocnemis_expansa,240815_6739
16,Spectrogram 1,1,218.7074076,219.0895854,0,15930.1,podocnemis_expansa,240815_6739
1,Spectrogram 1,1,183.1524395,183.5081425,0,10041.8,podocnemis_expansa,240816_6808
2,Spectrogram 1,1,183.5468059,183.8000509,0,9640.2,podocnemis_expansa,240816_6808
1,Spectrogram 1,1,282.9722174,283.2409278,0,7107.3,podocnemis_expansa,240816_6809
1,Spectrogram 1,1,2.527241744,2.71282589,0,6268.2,podocnemis_expansa,240816_6813
2,Spectrogram 1,1,29.59185079,29.91082354,0,6494.1,podocnemis_expansa,240816_6813
1,Spectrogram 1,1,8.754367848,8.939951994,0,5596.8,podocnemis_expansa,240816_6814
2,Spectrogram 1,1,32.57147877,32.79185995,0,6213.4,podocnemis_expansa,240816_6814
3,Spectrogram 1,1,34.25751111,34.56101852,0,3984.2,podocnemis_expansa,240816_6814
4,Spectrogram 1,1,36.30853649,36.77443002,0,5739.1,podocnemis_expansa,240816_6814
5,Spectrogram 1,1,39.10678195,39.37549233,0,8585,podocnemis_expansa,240816_6814
6,Spectrogram 1,1,61.67583076,62.08566242,0,4932.8,podocnemis_expansa,240816_6814
7,Spectrogram 1,1,68.9444564,69.31562469,0,4980.2,podocnemis_expansa,240816_6814
8,Spectrogram 1,1,83.83563457,84.13720881,0,8253,podocnemis_expansa,240816_6814
9,Spectrogram 1,1,84.67656273,85.11539191,0,13280.6,podocnemis_expansa,240816_6814
10,Spectrogram 1,1,88.88922215,89.12313551,0,13565.2,podocnemis_expansa,240816_6814
11,Spectrogram 1,1,173.6975661,174.0107394,0,5881.4,podocnemis_expansa,240816_6814
12,Spectrogram 1,1,290.6167638,290.8526103,0,6166,podocnemis_expansa,240816_6814
2,Spectrogram 1,1,28.21842767,28.49487072,0,5449.8,podocnemis_expansa,240816_6815
1,Spectrogram 1,1,30.11100265,30.70255212,0,6497.8,podocnemis_expansa,240816_6815
5,Spectrogram 1,1,138.6480895,138.930332,0,5869,podocnemis_expansa,240816_6815
4,Spectrogram 1,1,140.5986593,140.8867014,0,8908.3,podocnemis_expansa,240816_6815
3,Spectrogram 1,1,143.4790843,143.7265298,0,6340.6,podocnemis_expansa,240816_6815
6,Spectrogram 1,1,187.4141695,187.7099443,0,4821,podocnemis_expansa,240816_6815
7,Spectrogram 1,1,188.1178427,188.5064095,0,12733.6,podocnemis_expansa,240816_6815
1,Spectrogram 1,1,4.983126656,5.193841988,0,11811.8,podocnemis_expansa,240816_6816
2,Spectrogram 1,1,26.94165998,27.08858076,0,11670.6,podocnemis_expansa,240816_6816
5,Spectrogram 1,1,62.00342439,62.29533279,0,8658.8,podocnemis_expansa,240816_6816
4,Spectrogram 1,1,62.46158695,62.70323297,0,8329.4,podocnemis_expansa,240816_6816
7,Spectrogram 1,1,248.7123425,249.2536296,0,6964.7,podocnemis_expansa,240816_6816
6,Spectrogram 1,1,249.4682125,249.6963264,0,3529.4,podocnemis_expansa,240816_6816
8,Spectrogram 1,1,261.861685,262.11493,0,10352.9,podocnemis_expansa,240816_6816
1,Spectrogram 1,1,7.875060988,8.223031261,0,6755.1,podocnemis_expansa,240816_6819
2,Spectrogram 1,1,8.895773788,9.239877725,0,12137.3,podocnemis_expansa,240816_6819
3,Spectrogram 1,1,13.79740579,14.14730923,0,20375.3,podocnemis_expansa,240816_6819
4,Spectrogram 1,1,128.7605664,129.066007,0,4338.7,podocnemis_expansa,240816_6819
1,Spectrogram 1,1,190.1348709,191.5557496,0,22988.9,podocnemis_expansa,240816_6820
1,Spectrogram 1,1,101.2658003,102.0042706,0,9905.5,podocnemis_expansa,240816_6821
2,Spectrogram 1,1,135.9605558,136.1983354,0,14833.7,podocnemis_expansa,240816_6821
3,Spectrogram 1,1,170.7956384,171.0875468,0,6997.9,podocnemis_expansa,240816_6821
4,Spectrogram 1,1,172.090862,172.4639635,0,6357.3,podocnemis_expansa,240816_6821
5,Spectrogram 1,1,172.7887383,173.0574487,0,14143.7,podocnemis_expansa,240816_6821
6,Spectrogram 1,1,176.9744954,177.3070003,0,12665.3,podocnemis_expansa,240816_6821
1,Spectrogram 1,1,97.40778917,97.73256142,0,6649.4,podocnemis_expansa,240816_6822
2,Spectrogram 1,1,146.1288004,146.5019019,0,6233.8,podocnemis_expansa,240816_6822
3,Spectrogram 1,1,147.3795602,147.6618028,0,6493.5,podocnemis_expansa,240816_6822
1,Spectrogram 1,1,207.7743228,208.0314341,0,12128.5,podocnemis_expansa,240816_6824
2,Spectrogram 1,1,290.8426364,291.0417527,0,14441.1,podocnemis_expansa,240816_6824
1,Spectrogram 1,1,192.2244188,192.4757307,0,18638.8,podocnemis_expansa,240816_6825
2,Spectrogram 1,1,294.9051155,295.1583605,0,5461.4,podocnemis_expansa,240816_6825
3,Spectrogram 1,1,295.6880486,295.9277614,0,5561.6,podocnemis_expansa,240816_6825
1,Spectrogram 1,1,144.1189277,144.4475663,0,5963.6,podocnemis_expansa,240816_6826
2,Spectrogram 1,1,230.8675227,231.1072356,0,23951.5,podocnemis_expansa,240816_6826
3,Spectrogram 1,1,231.4590722,231.7413148,0,12848.5,podocnemis_expansa,240816_6826
